Date,Time,Time Zone,Category,Item,Qty,Price Point Name,SKU,Modifiers Applied,Gross Sales,Discounts,Net Sales,Tax,Transaction ID,Payment ID,Device Name,Notes,Details,Event Type,Location,Dining Option,Customer ID,Customer Name,Customer Reference ID,Unit,Count,GTIN,Itemization Type,Fulfillment Note,Channel,Token,Card Brand,PAN Suffix
2026-08-16,04:05:22,Eastern Time (US & Canada),None,Bot-Shield Verification,1.0,"","","",$1.00,$0.00,$1.00,$0.00,3IqyBw1XAutBgPtmkWIoz40nVNVZY,5g4rwyDStxAUj5OMX9XHaRiL6XeZY,"","",https://app.squareup.com/dashboard/sales/transactions/3IqyBw1XAutBgPtmkWIoz40nVNVZY/by-unit/LY5GN09F5AN83,Payment,YouAndiNotAi,"",07VFW47G3RZ9WP21A8Z28Z7N78,josh coleman,"",ea,1,"","","",UandInotAi.com,"",Visa,5424
2026-07-07,23:23:04,Eastern Time (US & Canada),None,Bot-Shield Verification,1.0,"","","",$1.00,$0.00,$1.00,$0.00,LiqIvo8ZAbQ7Rtw8MzQ3qFhFA8KZY,5weoPsqGy5UL859yqaDkQnB6wDPZY,"","",https://app.squareup.com/dashboard/sales/transactions/LiqIvo8ZAbQ7Rtw8MzQ3qFhFA8KZY/by-unit/LY5GN09F5AN83,Payment,YouAndiNotAi,"",07VFW47G3RZ9WP21A8Z28Z7N78,josh coleman,"",ea,1,"","","",UandInotAi.com,"",MasterCard,6057
2026-05-01,22:26:12,Eastern Time (US & Canada),None,Founding Member,1.0,"","","",$14.99,$0.00,$14.99,$0.00,fsu2QgtU52kBHPa9GqEIoBYom6eZY,rl8uAtocbU3dIhCvzzfkevw3T5CZY,"",Locked forever at this rate,https://app.squareup.com/dashboard/sales/transactions/fsu2QgtU52kBHPa9GqEIoBYom6eZY/by-unit/LY5GN09F5AN83,Payment,YouAndiNotAi,"",07VFW47G3RZ9WP21A8Z28Z7N78,josh coleman,"",ea,1,"","","",UandInotAi.com,"",MasterCard,0962
2026-04-10,18:09:25,Eastern Time (US & Canada),None,Bot-Shield Verification,1.0,"","","",$1.00,$0.00,$1.00,$0.00,BvHMZJcJGSENfbqPDbVOiqjIg7bZY,Bm9VgaV7qgJYeVAe0oSRN4xPYPUZY,"","",https://app.squareup.com/dashboard/sales/transactions/BvHMZJcJGSENfbqPDbVOiqjIg7bZY/by-unit/LY5GN09F5AN83,Payment,YouAndiNotAi,"",07VFW47G3RZ9WP21A8Z28Z7N78,josh coleman,"",ea,1,"","","",UandInotAi.com,"",Visa,2217
2026-04-10,17:33:23,Eastern Time (US & Canada),None,Bot-Shield Verification,1.0,"","","",$1.00,$0.00,$1.00,$0.00,BFm6JKlpN6r4JRdqayxVQOM4uB9YY,j9gx4ngnmVlVcORPTQQVFAqVqYZZY,"","",https://app.squareup.com/dashboard/sales/transactions/BFm6JKlpN6r4JRdqayxVQOM4uB9YY/by-unit/LY5GN09F5AN83,Payment,YouAndiNotAi,"",07VFW47G3RZ9WP21A8Z28Z7N78,josh coleman,"",ea,1,"","","",UandInotAi.com,"",Visa,2217
2026-04-10,14:59:10,Eastern Time (US & Canada),None,Bot-Shield Verification,1.0,"","","",$1.00,$0.00,$1.00,$0.00,zItrpsqcCC5LOHj0SqxWKPVzru9YY,39jrNE8LkBqSgz5b6AIeINfSG8NZY,"","",https://app.squareup.com/dashboard/sales/transactions/zItrpsqcCC5LOHj0SqxWKPVzru9YY/by-unit/LY5GN09F5AN83,Payment,YouAndiNotAi,"",07VFW47G3RZ9WP21A8Z28Z7N78,josh coleman,"",ea,1,"","","",UandInotAi.com,"",Visa,2217
2026-03-10,13:05:52,Eastern Time (US & Canada),None,Bot-Shield Verification,1.0,"","","",$1.00,$0.00,$1.00,$0.00,34EvDCvE4LiLu5NQ0pHQ7HNsNRWZY,1w1bJLQ8BLzua1vsiBmN2DoOPI9YY,"",Prove you are real. One-time fee.,https://app.squareup.com/dashboard/sales/transactions/34EvDCvE4LiLu5NQ0pHQ7HNsNRWZY/by-unit/LY5GN09F5AN83,Payment,YouAndiNotAi,"",07VFW47G3RZ9WP21A8Z28Z7N78,josh coleman,"",ea,1,"","","",UandInotAi.com,"",Visa,1246
2026-03-05,08:46:21,Eastern Time (US & Canada),None,Bot-Shield Verification,1.0,"","","",$1.00,$0.00,$1.00,$0.00,FFPRsz3MSxRpy63UEqIUP6mPlsDZY,9kBDU7FkArozp5JDQx5J4iIX78RZY,"",Prove you are real. One-time fee.,https://app.squareup.com/dashboard/sales/transactions/FFPRsz3MSxRpy63UEqIUP6mPlsDZY/by-unit/LY5GN09F5AN83,Payment,YouAndiNotAi,"",07VFW47G3RZ9WP21A8Z28Z7N78,josh coleman,"",ea,1,"","","",UandInotAi.com,"",Visa,1246
2026-02-16,22:11:16,Eastern Time (US & Canada),None,YouAndINotAI - Bot-Shield Verification ($1),1.0,"","","",$1.00,$0.00,$1.00,$0.00,hLDLnxFGMFUp7NCMgzqPizSd3YKZY,T14t6sEDJXdGPBctzYbh7vSxDCJZY,"","",https://app.squareup.com/dashboard/sales/transactions/hLDLnxFGMFUp7NCMgzqPizSd3YKZY/by-unit/L24ZX5WRA41TH,Payment,YouAndINotAI,"",8J0FQ9T2KDDSQYDCCKH1J2AZ68,Malillany Madrigal,"",ea,1,"","","",UandInotAi.com,"",Visa,2861
