
{
  "name": "aicollab-forthekids-admin",
  "version": "2.1.0",
  "private": true,
  "type": "module",
  "scripts": {
    "dev": "vite",
    "quality": "bash scripts/enforce-quality.sh",
    "build": "npm run quality && tsc && vite build",
    "lint": "eslint . --ext ts,tsx --report-unused-disable-directives --max-warnings 0",
    "preview": "vite preview",
    "deploy": "bash scripts/deploy-empire.sh",
    "empire": "bash scripts/launch-empire.sh",
    "test": "echo 'No tests specified yet' && exit 0"
  },
  "dependencies": {
    "@google/genai": "^1.28.0",
    "lucide-react": "^0.344.0",
    "react": "^18.2.0",
    "react-dom": "^18.2.0",
    "react-markdown": "^9.0.1",
    "recharts": "^2.12.2"
  },
  "devDependencies": {
    "@types/react": "^18.2.64",
    "@types/react-dom": "^18.2.21",
    "@typescript-eslint/eslint-plugin": "^7.1.1",
    "@typescript-eslint/parser": "^7.1.1",
    "@vitejs/plugin-react": "^4.2.1",
    "autoprefixer": "^10.4.18",
    "eslint": "^8.57.0",
    "eslint-plugin-react-hooks": "^4.6.0",
    "eslint-plugin-react-refresh": "^0.4.5",
    "postcss": "^8.4.35",
    "tailwindcss": "^3.4.1",
    "typescript": "^5.2.2",
    "vite": "^5.1.6"
  }
}
